Name, SMILES
PAAP, CC(=O)N1CCC[C@H]1C(=O)N[C@@H](C)C(=O)N[C@@H](C)C(=O)N1CCC[C@H]1C(=O)N
PACP, CC(=O)N1CCC[C@H]1C(=O)N[C@@H](C)C(=O)N[C@@H](CS)C(=O)N1CCC[C@H]1C(=O)N
PADP, CC(=O)N1CCC[C@H]1C(=O)N[C@@H](C)C(=O)N[C@@H](CC(=O)O)C(=O)N1CCC[C@H]1C(=O)N
PAEP, CC(=O)N1CCC[C@H]1C(=O)N[C@@H](C)C(=O)N[C@@H](CCC(=O)O)C(=O)N1CCC[C@H]1C(=O)N
PAFP, CC(=O)N1CCC[C@H]1C(=O)N[C@@H](C)C(=O)N[C@@H](Cc1ccccc1)C(=O)N1CCC[C@H]1C(=O)N
PAGP, CC(=O)N1CCC[C@H]1C(=O)N[C@@H](C)C(=O)NCC(=O)N1CCC[C@H]1C(=O)N
PAHP, CC(=O)N1CCC[C@H]1C(=O)N[C@@H](C)C(=O)N[C@@H](Cc1nc[nH]c1)C(=O)N1CCC[C@H]1C(=O)N
PAIP, CC(=O)N1CCC[C@H]1C(=O)N[C@@H](C)C(=O)N[C@@H]([C@@H](C)CC)C(=O)N1CCC[C@H]1C(=O)N
PAKP, CC(=O)N1CCC[C@H]1C(=O)N[C@@H](C)C(=O)N[C@@H](CCCCN)C(=O)N1CCC[C@H]1C(=O)N
PALP, CC(=O)N1CCC[C@H]1C(=O)N[C@@H](C)C(=O)N[C@@H](CC(C)C)C(=O)N1CCC[C@H]1C(=O)N
PAMP, CC(=O)N1CCC[C@H]1C(=O)N[C@@H](C)C(=O)N[C@@H](CCSC)C(=O)N1CCC[C@H]1C(=O)N
PANP, CC(=O)N1CCC[C@H]1C(=O)N[C@@H](C)C(=O)N[C@@H](CC(=O)N)C(=O)N1CCC[C@H]1C(=O)N
PAPP, CC(=O)N1CCC[C@H]1C(=O)N[C@@H](C)C(=O)N1CCC[C@H]1C(=O)N1CCC[C@H]1C(=O)N
PAQP, CC(=O)N1CCC[C@H]1C(=O)N[C@@H](C)C(=O)N[C@@H](CCC(=O)N)C(=O)N1CCC[C@H]1C(=O)N
PARP, CC(=O)N1CCC[C@H]1C(=O)N[C@@H](C)C(=O)N[C@@H](CCCN=C(N)N)C(=O)N1CCC[C@H]1C(=O)N
PASP, CC(=O)N1CCC[C@H]1C(=O)N[C@@H](C)C(=O)N[C@@H](CO)C(=O)N1CCC[C@H]1C(=O)N
PATP, CC(=O)N1CCC[C@H]1C(=O)N[C@@H](C)C(=O)N[C@@H]([C@H](O)C)C(=O)N1CCC[C@H]1C(=O)N
PAVP, CC(=O)N1CCC[C@H]1C(=O)N[C@@H](C)C(=O)N[C@@H](C(C)C)C(=O)N1CCC[C@H]1C(=O)N
PAWP, CC(=O)N1CCC[C@H]1C(=O)N[C@@H](C)C(=O)N[C@@H](Cc1c[nH]c2c1cccc2)C(=O)N1CCC[C@H]1C(=O)N
PAYP, CC(=O)N1CCC[C@H]1C(=O)N[C@@H](C)C(=O)N[C@@H](Cc1ccc(O)cc1)C(=O)N1CCC[C@H]1C(=O)N
PCAP, CC(=O)N1CCC[C@H]1C(=O)N[C@@H](CS)C(=O)N[C@@H](C)C(=O)N1CCC[C@H]1C(=O)N
PCCP, CC(=O)N1CCC[C@H]1C(=O)N[C@@H](CS)C(=O)N[C@@H](CS)C(=O)N1CCC[C@H]1C(=O)N
PCDP, CC(=O)N1CCC[C@H]1C(=O)N[C@@H](CS)C(=O)N[C@@H](CC(=O)O)C(=O)N1CCC[C@H]1C(=O)N
PCEP, CC(=O)N1CCC[C@H]1C(=O)N[C@@H](CS)C(=O)N[C@@H](CCC(=O)O)C(=O)N1CCC[C@H]1C(=O)N
PCFP, CC(=O)N1CCC[C@H]1C(=O)N[C@@H](CS)C(=O)N[C@@H](Cc1ccccc1)C(=O)N1CCC[C@H]1C(=O)N
PCGP, CC(=O)N1CCC[C@H]1C(=O)N[C@@H](CS)C(=O)NCC(=O)N1CCC[C@H]1C(=O)N
PCHP, CC(=O)N1CCC[C@H]1C(=O)N[C@@H](CS)C(=O)N[C@@H](Cc1nc[nH]c1)C(=O)N1CCC[C@H]1C(=O)N
PCIP, CC(=O)N1CCC[C@H]1C(=O)N[C@@H](CS)C(=O)N[C@@H]([C@@H](C)CC)C(=O)N1CCC[C@H]1C(=O)N
PCKP, CC(=O)N1CCC[C@H]1C(=O)N[C@@H](CS)C(=O)N[C@@H](CCCCN)C(=O)N1CCC[C@H]1C(=O)N
PCLP, CC(=O)N1CCC[C@H]1C(=O)N[C@@H](CS)C(=O)N[C@@H](CC(C)C)C(=O)N1CCC[C@H]1C(=O)N
PCMP, CC(=O)N1CCC[C@H]1C(=O)N[C@@H](CS)C(=O)N[C@@H](CCSC)C(=O)N1CCC[C@H]1C(=O)N
PCNP, CC(=O)N1CCC[C@H]1C(=O)N[C@@H](CS)C(=O)N[C@@H](CC(=O)N)C(=O)N1CCC[C@H]1C(=O)N
PCPP, CC(=O)N1CCC[C@H]1C(=O)N[C@@H](CS)C(=O)N1CCC[C@H]1C(=O)N1CCC[C@H]1C(=O)N
PCQP, CC(=O)N1CCC[C@H]1C(=O)N[C@@H](CS)C(=O)N[C@@H](CCC(=O)N)C(=O)N1CCC[C@H]1C(=O)N
PCRP, CC(=O)N1CCC[C@H]1C(=O)N[C@@H](CS)C(=O)N[C@@H](CCCN=C(N)N)C(=O)N1CCC[C@H]1C(=O)N
PCSP, CC(=O)N1CCC[C@H]1C(=O)N[C@@H](CS)C(=O)N[C@@H](CO)C(=O)N1CCC[C@H]1C(=O)N
PCTP, CC(=O)N1CCC[C@H]1C(=O)N[C@@H](CS)C(=O)N[C@@H]([C@H](O)C)C(=O)N1CCC[C@H]1C(=O)N
PCVP, CC(=O)N1CCC[C@H]1C(=O)N[C@@H](CS)C(=O)N[C@@H](C(C)C)C(=O)N1CCC[C@H]1C(=O)N
PCWP, CC(=O)N1CCC[C@H]1C(=O)N[C@@H](CS)C(=O)N[C@@H](Cc1c[nH]c2c1cccc2)C(=O)N1CCC[C@H]1C(=O)N
PCYP, CC(=O)N1CCC[C@H]1C(=O)N[C@@H](CS)C(=O)N[C@@H](Cc1ccc(O)cc1)C(=O)N1CCC[C@H]1C(=O)N
PDAP, CC(=O)N1CCC[C@H]1C(=O)N[C@@H](CC(=O)O)C(=O)N[C@@H](C)C(=O)N1CCC[C@H]1C(=O)N
PDCP, CC(=O)N1CCC[C@H]1C(=O)N[C@@H](CC(=O)O)C(=O)N[C@@H](CS)C(=O)N1CCC[C@H]1C(=O)N
PDDP, CC(=O)N1CCC[C@H]1C(=O)N[C@@H](CC(=O)O)C(=O)N[C@@H](CC(=O)O)C(=O)N1CCC[C@H]1C(=O)N
PDEP, CC(=O)N1CCC[C@H]1C(=O)N[C@@H](CC(=O)O)C(=O)N[C@@H](CCC(=O)O)C(=O)N1CCC[C@H]1C(=O)N
PDFP, CC(=O)N1CCC[C@H]1C(=O)N[C@@H](CC(=O)O)C(=O)N[C@@H](Cc1ccccc1)C(=O)N1CCC[C@H]1C(=O)N
PDGP, CC(=O)N1CCC[C@H]1C(=O)N[C@@H](CC(=O)O)C(=O)NCC(=O)N1CCC[C@H]1C(=O)N
PDHP, CC(=O)N1CCC[C@H]1C(=O)N[C@@H](CC(=O)O)C(=O)N[C@@H](Cc1nc[nH]c1)C(=O)N1CCC[C@H]1C(=O)N
PDIP, CC(=O)N1CCC[C@H]1C(=O)N[C@@H](CC(=O)O)C(=O)N[C@@H]([C@@H](C)CC)C(=O)N1CCC[C@H]1C(=O)N
PDKP, CC(=O)N1CCC[C@H]1C(=O)N[C@@H](CC(=O)O)C(=O)N[C@@H](CCCCN)C(=O)N1CCC[C@H]1C(=O)N
PDLP, CC(=O)N1CCC[C@H]1C(=O)N[C@@H](CC(=O)O)C(=O)N[C@@H](CC(C)C)C(=O)N1CCC[C@H]1C(=O)N
PDMP, CC(=O)N1CCC[C@H]1C(=O)N[C@@H](CC(=O)O)C(=O)N[C@@H](CCSC)C(=O)N1CCC[C@H]1C(=O)N
PDNP, CC(=O)N1CCC[C@H]1C(=O)N[C@@H](CC(=O)O)C(=O)N[C@@H](CC(=O)N)C(=O)N1CCC[C@H]1C(=O)N
PDPP, CC(=O)N1CCC[C@H]1C(=O)N[C@@H](CC(=O)O)C(=O)N1CCC[C@H]1C(=O)N1CCC[C@H]1C(=O)N
PDQP, CC(=O)N1CCC[C@H]1C(=O)N[C@@H](CC(=O)O)C(=O)N[C@@H](CCC(=O)N)C(=O)N1CCC[C@H]1C(=O)N
PDRP, CC(=O)N1CCC[C@H]1C(=O)N[C@@H](CC(=O)O)C(=O)N[C@@H](CCCN=C(N)N)C(=O)N1CCC[C@H]1C(=O)N
PDSP, CC(=O)N1CCC[C@H]1C(=O)N[C@@H](CC(=O)O)C(=O)N[C@@H](CO)C(=O)N1CCC[C@H]1C(=O)N
PDTP, CC(=O)N1CCC[C@H]1C(=O)N[C@@H](CC(=O)O)C(=O)N[C@@H]([C@H](O)C)C(=O)N1CCC[C@H]1C(=O)N
PDVP, CC(=O)N1CCC[C@H]1C(=O)N[C@@H](CC(=O)O)C(=O)N[C@@H](C(C)C)C(=O)N1CCC[C@H]1C(=O)N
PDWP, CC(=O)N1CCC[C@H]1C(=O)N[C@@H](CC(=O)O)C(=O)N[C@@H](Cc1c[nH]c2c1cccc2)C(=O)N1CCC[C@H]1C(=O)N
PDYP, CC(=O)N1CCC[C@H]1C(=O)N[C@@H](CC(=O)O)C(=O)N[C@@H](Cc1ccc(O)cc1)C(=O)N1CCC[C@H]1C(=O)N
PEAP, CC(=O)N1CCC[C@H]1C(=O)N[C@@H](CCC(=O)O)C(=O)N[C@@H](C)C(=O)N1CCC[C@H]1C(=O)N
PECP, CC(=O)N1CCC[C@H]1C(=O)N[C@@H](CCC(=O)O)C(=O)N[C@@H](CS)C(=O)N1CCC[C@H]1C(=O)N
PEDP, CC(=O)N1CCC[C@H]1C(=O)N[C@@H](CCC(=O)O)C(=O)N[C@@H](CC(=O)O)C(=O)N1CCC[C@H]1C(=O)N
PEEP, CC(=O)N1CCC[C@H]1C(=O)N[C@@H](CCC(=O)O)C(=O)N[C@@H](CCC(=O)O)C(=O)N1CCC[C@H]1C(=O)N
PEFP, CC(=O)N1CCC[C@H]1C(=O)N[C@@H](CCC(=O)O)C(=O)N[C@@H](Cc1ccccc1)C(=O)N1CCC[C@H]1C(=O)N
PEGP, CC(=O)N1CCC[C@H]1C(=O)N[C@@H](CCC(=O)O)C(=O)NCC(=O)N1CCC[C@H]1C(=O)N
PEHP, CC(=O)N1CCC[C@H]1C(=O)N[C@@H](CCC(=O)O)C(=O)N[C@@H](Cc1nc[nH]c1)C(=O)N1CCC[C@H]1C(=O)N
PEIP, CC(=O)N1CCC[C@H]1C(=O)N[C@@H](CCC(=O)O)C(=O)N[C@@H]([C@@H](C)CC)C(=O)N1CCC[C@H]1C(=O)N
PEKP, CC(=O)N1CCC[C@H]1C(=O)N[C@@H](CCC(=O)O)C(=O)N[C@@H](CCCCN)C(=O)N1CCC[C@H]1C(=O)N
PELP, CC(=O)N1CCC[C@H]1C(=O)N[C@@H](CCC(=O)O)C(=O)N[C@@H](CC(C)C)C(=O)N1CCC[C@H]1C(=O)N
PEMP, CC(=O)N1CCC[C@H]1C(=O)N[C@@H](CCC(=O)O)C(=O)N[C@@H](CCSC)C(=O)N1CCC[C@H]1C(=O)N
PENP, CC(=O)N1CCC[C@H]1C(=O)N[C@@H](CCC(=O)O)C(=O)N[C@@H](CC(=O)N)C(=O)N1CCC[C@H]1C(=O)N
PEPP, CC(=O)N1CCC[C@H]1C(=O)N[C@@H](CCC(=O)O)C(=O)N1CCC[C@H]1C(=O)N1CCC[C@H]1C(=O)N
PEQP, CC(=O)N1CCC[C@H]1C(=O)N[C@@H](CCC(=O)O)C(=O)N[C@@H](CCC(=O)N)C(=O)N1CCC[C@H]1C(=O)N
PERP, CC(=O)N1CCC[C@H]1C(=O)N[C@@H](CCC(=O)O)C(=O)N[C@@H](CCCN=C(N)N)C(=O)N1CCC[C@H]1C(=O)N
PESP, CC(=O)N1CCC[C@H]1C(=O)N[C@@H](CCC(=O)O)C(=O)N[C@@H](CO)C(=O)N1CCC[C@H]1C(=O)N
PETP, CC(=O)N1CCC[C@H]1C(=O)N[C@@H](CCC(=O)O)C(=O)N[C@@H]([C@H](O)C)C(=O)N1CCC[C@H]1C(=O)N
PEVP, CC(=O)N1CCC[C@H]1C(=O)N[C@@H](CCC(=O)O)C(=O)N[C@@H](C(C)C)C(=O)N1CCC[C@H]1C(=O)N
PEWP, CC(=O)N1CCC[C@H]1C(=O)N[C@@H](CCC(=O)O)C(=O)N[C@@H](Cc1c[nH]c2c1cccc2)C(=O)N1CCC[C@H]1C(=O)N
PEYP, CC(=O)N1CCC[C@H]1C(=O)N[C@@H](CCC(=O)O)C(=O)N[C@@H](Cc1ccc(O)cc1)C(=O)N1CCC[C@H]1C(=O)N
PFAP, CC(=O)N1CCC[C@H]1C(=O)N[C@@H](Cc1ccccc1)C(=O)N[C@@H](C)C(=O)N1CCC[C@H]1C(=O)N
PFCP, CC(=O)N1CCC[C@H]1C(=O)N[C@@H](Cc1ccccc1)C(=O)N[C@@H](CS)C(=O)N1CCC[C@H]1C(=O)N
PFDP, CC(=O)N1CCC[C@H]1C(=O)N[C@@H](Cc1ccccc1)C(=O)N[C@@H](CC(=O)O)C(=O)N1CCC[C@H]1C(=O)N
PFEP, CC(=O)N1CCC[C@H]1C(=O)N[C@@H](Cc1ccccc1)C(=O)N[C@@H](CCC(=O)O)C(=O)N1CCC[C@H]1C(=O)N
PFFP, CC(=O)N1CCC[C@H]1C(=O)N[C@@H](Cc1ccccc1)C(=O)N[C@@H](Cc1ccccc1)C(=O)N1CCC[C@H]1C(=O)N
PFGP, CC(=O)N1CCC[C@H]1C(=O)N[C@@H](Cc1ccccc1)C(=O)NCC(=O)N1CCC[C@H]1C(=O)N
PFHP, CC(=O)N1CCC[C@H]1C(=O)N[C@@H](Cc1ccccc1)C(=O)N[C@@H](Cc1nc[nH]c1)C(=O)N1CCC[C@H]1C(=O)N
PFIP, CC(=O)N1CCC[C@H]1C(=O)N[C@@H](Cc1ccccc1)C(=O)N[C@@H]([C@@H](C)CC)C(=O)N1CCC[C@H]1C(=O)N
PFKP, CC(=O)N1CCC[C@H]1C(=O)N[C@@H](Cc1ccccc1)C(=O)N[C@@H](CCCCN)C(=O)N1CCC[C@H]1C(=O)N
PFLP, CC(=O)N1CCC[C@H]1C(=O)N[C@@H](Cc1ccccc1)C(=O)N[C@@H](CC(C)C)C(=O)N1CCC[C@H]1C(=O)N
PFMP, CC(=O)N1CCC[C@H]1C(=O)N[C@@H](Cc1ccccc1)C(=O)N[C@@H](CCSC)C(=O)N1CCC[C@H]1C(=O)N
PFNP, CC(=O)N1CCC[C@H]1C(=O)N[C@@H](Cc1ccccc1)C(=O)N[C@@H](CC(=O)N)C(=O)N1CCC[C@H]1C(=O)N
PFPP, CC(=O)N1CCC[C@H]1C(=O)N[C@@H](Cc1ccccc1)C(=O)N1CCC[C@H]1C(=O)N1CCC[C@H]1C(=O)N
PFQP, CC(=O)N1CCC[C@H]1C(=O)N[C@@H](Cc1ccccc1)C(=O)N[C@@H](CCC(=O)N)C(=O)N1CCC[C@H]1C(=O)N
PFRP, CC(=O)N1CCC[C@H]1C(=O)N[C@@H](Cc1ccccc1)C(=O)N[C@@H](CCCN=C(N)N)C(=O)N1CCC[C@H]1C(=O)N
PFSP, CC(=O)N1CCC[C@H]1C(=O)N[C@@H](Cc1ccccc1)C(=O)N[C@@H](CO)C(=O)N1CCC[C@H]1C(=O)N
PFTP, CC(=O)N1CCC[C@H]1C(=O)N[C@@H](Cc1ccccc1)C(=O)N[C@@H]([C@H](O)C)C(=O)N1CCC[C@H]1C(=O)N
PFVP, CC(=O)N1CCC[C@H]1C(=O)N[C@@H](Cc1ccccc1)C(=O)N[C@@H](C(C)C)C(=O)N1CCC[C@H]1C(=O)N
PFWP, CC(=O)N1CCC[C@H]1C(=O)N[C@@H](Cc1ccccc1)C(=O)N[C@@H](Cc1c[nH]c2c1cccc2)C(=O)N1CCC[C@H]1C(=O)N
PFYP, CC(=O)N1CCC[C@H]1C(=O)N[C@@H](Cc1ccccc1)C(=O)N[C@@H](Cc1ccc(O)cc1)C(=O)N1CCC[C@H]1C(=O)N
PGAP, CC(=O)N1CCC[C@H]1C(=O)NCC(=O)N[C@@H](C)C(=O)N1CCC[C@H]1C(=O)N
PGCP, CC(=O)N1CCC[C@H]1C(=O)NCC(=O)N[C@@H](CS)C(=O)N1CCC[C@H]1C(=O)N
PGDP, CC(=O)N1CCC[C@H]1C(=O)NCC(=O)N[C@@H](CC(=O)O)C(=O)N1CCC[C@H]1C(=O)N
PGEP, CC(=O)N1CCC[C@H]1C(=O)NCC(=O)N[C@@H](CCC(=O)O)C(=O)N1CCC[C@H]1C(=O)N
PGFP, CC(=O)N1CCC[C@H]1C(=O)NCC(=O)N[C@@H](Cc1ccccc1)C(=O)N1CCC[C@H]1C(=O)N
PGGP, CC(=O)N1CCC[C@H]1C(=O)NCC(=O)NCC(=O)N1CCC[C@H]1C(=O)N
PGHP, CC(=O)N1CCC[C@H]1C(=O)NCC(=O)N[C@@H](Cc1nc[nH]c1)C(=O)N1CCC[C@H]1C(=O)N
PGIP, CC(=O)N1CCC[C@H]1C(=O)NCC(=O)N[C@@H]([C@@H](C)CC)C(=O)N1CCC[C@H]1C(=O)N
PGKP, CC(=O)N1CCC[C@H]1C(=O)NCC(=O)N[C@@H](CCCCN)C(=O)N1CCC[C@H]1C(=O)N
PGLP, CC(=O)N1CCC[C@H]1C(=O)NCC(=O)N[C@@H](CC(C)C)C(=O)N1CCC[C@H]1C(=O)N
PGMP, CC(=O)N1CCC[C@H]1C(=O)NCC(=O)N[C@@H](CCSC)C(=O)N1CCC[C@H]1C(=O)N
PGNP, CC(=O)N1CCC[C@H]1C(=O)NCC(=O)N[C@@H](CC(=O)N)C(=O)N1CCC[C@H]1C(=O)N
PGPP, CC(=O)N1CCC[C@H]1C(=O)NCC(=O)N1CCC[C@H]1C(=O)N1CCC[C@H]1C(=O)N
PGQP, CC(=O)N1CCC[C@H]1C(=O)NCC(=O)N[C@@H](CCC(=O)N)C(=O)N1CCC[C@H]1C(=O)N
PGRP, CC(=O)N1CCC[C@H]1C(=O)NCC(=O)N[C@@H](CCCN=C(N)N)C(=O)N1CCC[C@H]1C(=O)N
PGSP, CC(=O)N1CCC[C@H]1C(=O)NCC(=O)N[C@@H](CO)C(=O)N1CCC[C@H]1C(=O)N
PGTP, CC(=O)N1CCC[C@H]1C(=O)NCC(=O)N[C@@H]([C@H](O)C)C(=O)N1CCC[C@H]1C(=O)N
PGVP, CC(=O)N1CCC[C@H]1C(=O)NCC(=O)N[C@@H](C(C)C)C(=O)N1CCC[C@H]1C(=O)N
PGWP, CC(=O)N1CCC[C@H]1C(=O)NCC(=O)N[C@@H](Cc1c[nH]c2c1cccc2)C(=O)N1CCC[C@H]1C(=O)N
PGYP, CC(=O)N1CCC[C@H]1C(=O)NCC(=O)N[C@@H](Cc1ccc(O)cc1)C(=O)N1CCC[C@H]1C(=O)N
PHAP, CC(=O)N1CCC[C@H]1C(=O)N[C@@H](Cc1nc[nH]c1)C(=O)N[C@@H](C)C(=O)N1CCC[C@H]1C(=O)N
PHCP, CC(=O)N1CCC[C@H]1C(=O)N[C@@H](Cc1nc[nH]c1)C(=O)N[C@@H](CS)C(=O)N1CCC[C@H]1C(=O)N
PHDP, CC(=O)N1CCC[C@H]1C(=O)N[C@@H](Cc1nc[nH]c1)C(=O)N[C@@H](CC(=O)O)C(=O)N1CCC[C@H]1C(=O)N
PHEP, CC(=O)N1CCC[C@H]1C(=O)N[C@@H](Cc1nc[nH]c1)C(=O)N[C@@H](CCC(=O)O)C(=O)N1CCC[C@H]1C(=O)N
PHFP, CC(=O)N1CCC[C@H]1C(=O)N[C@@H](Cc1nc[nH]c1)C(=O)N[C@@H](Cc1ccccc1)C(=O)N1CCC[C@H]1C(=O)N
PHGP, CC(=O)N1CCC[C@H]1C(=O)N[C@@H](Cc1nc[nH]c1)C(=O)NCC(=O)N1CCC[C@H]1C(=O)N
PHHP, CC(=O)N1CCC[C@H]1C(=O)N[C@@H](Cc1nc[nH]c1)C(=O)N[C@@H](Cc1nc[nH]c1)C(=O)N1CCC[C@H]1C(=O)N
PHIP, CC(=O)N1CCC[C@H]1C(=O)N[C@@H](Cc1nc[nH]c1)C(=O)N[C@@H]([C@@H](C)CC)C(=O)N1CCC[C@H]1C(=O)N
PHKP, CC(=O)N1CCC[C@H]1C(=O)N[C@@H](Cc1nc[nH]c1)C(=O)N[C@@H](CCCCN)C(=O)N1CCC[C@H]1C(=O)N
PHLP, CC(=O)N1CCC[C@H]1C(=O)N[C@@H](Cc1nc[nH]c1)C(=O)N[C@@H](CC(C)C)C(=O)N1CCC[C@H]1C(=O)N
PHMP, CC(=O)N1CCC[C@H]1C(=O)N[C@@H](Cc1nc[nH]c1)C(=O)N[C@@H](CCSC)C(=O)N1CCC[C@H]1C(=O)N
PHNP, CC(=O)N1CCC[C@H]1C(=O)N[C@@H](Cc1nc[nH]c1)C(=O)N[C@@H](CC(=O)N)C(=O)N1CCC[C@H]1C(=O)N
PHPP, CC(=O)N1CCC[C@H]1C(=O)N[C@@H](Cc1nc[nH]c1)C(=O)N1CCC[C@H]1C(=O)N1CCC[C@H]1C(=O)N
PHQP, CC(=O)N1CCC[C@H]1C(=O)N[C@@H](Cc1nc[nH]c1)C(=O)N[C@@H](CCC(=O)N)C(=O)N1CCC[C@H]1C(=O)N
PHRP, CC(=O)N1CCC[C@H]1C(=O)N[C@@H](Cc1nc[nH]c1)C(=O)N[C@@H](CCCN=C(N)N)C(=O)N1CCC[C@H]1C(=O)N
PHSP, CC(=O)N1CCC[C@H]1C(=O)N[C@@H](Cc1nc[nH]c1)C(=O)N[C@@H](CO)C(=O)N1CCC[C@H]1C(=O)N
PHTP, CC(=O)N1CCC[C@H]1C(=O)N[C@@H](Cc1nc[nH]c1)C(=O)N[C@@H]([C@H](O)C)C(=O)N1CCC[C@H]1C(=O)N
PHVP, CC(=O)N1CCC[C@H]1C(=O)N[C@@H](Cc1nc[nH]c1)C(=O)N[C@@H](C(C)C)C(=O)N1CCC[C@H]1C(=O)N
PHWP, CC(=O)N1CCC[C@H]1C(=O)N[C@@H](Cc1nc[nH]c1)C(=O)N[C@@H](Cc1c[nH]c2c1cccc2)C(=O)N1CCC[C@H]1C(=O)N
PHYP, CC(=O)N1CCC[C@H]1C(=O)N[C@@H](Cc1nc[nH]c1)C(=O)N[C@@H](Cc1ccc(O)cc1)C(=O)N1CCC[C@H]1C(=O)N
PIAP, CC(=O)N1CCC[C@H]1C(=O)N[C@@H]([C@@H](C)CC)C(=O)N[C@@H](C)C(=O)N1CCC[C@H]1C(=O)N
PICP, CC(=O)N1CCC[C@H]1C(=O)N[C@@H]([C@@H](C)CC)C(=O)N[C@@H](CS)C(=O)N1CCC[C@H]1C(=O)N
PIDP, CC(=O)N1CCC[C@H]1C(=O)N[C@@H]([C@@H](C)CC)C(=O)N[C@@H](CC(=O)O)C(=O)N1CCC[C@H]1C(=O)N
PIEP, CC(=O)N1CCC[C@H]1C(=O)N[C@@H]([C@@H](C)CC)C(=O)N[C@@H](CCC(=O)O)C(=O)N1CCC[C@H]1C(=O)N
PIFP, CC(=O)N1CCC[C@H]1C(=O)N[C@@H]([C@@H](C)CC)C(=O)N[C@@H](Cc1ccccc1)C(=O)N1CCC[C@H]1C(=O)N
PIGP, CC(=O)N1CCC[C@H]1C(=O)N[C@@H]([C@@H](C)CC)C(=O)NCC(=O)N1CCC[C@H]1C(=O)N
PIHP, CC(=O)N1CCC[C@H]1C(=O)N[C@@H]([C@@H](C)CC)C(=O)N[C@@H](Cc1nc[nH]c1)C(=O)N1CCC[C@H]1C(=O)N
PIIP, CC(=O)N1CCC[C@H]1C(=O)N[C@@H]([C@@H](C)CC)C(=O)N[C@@H]([C@@H](C)CC)C(=O)N1CCC[C@H]1C(=O)N
PIKP, CC(=O)N1CCC[C@H]1C(=O)N[C@@H]([C@@H](C)CC)C(=O)N[C@@H](CCCCN)C(=O)N1CCC[C@H]1C(=O)N
PILP, CC(=O)N1CCC[C@H]1C(=O)N[C@@H]([C@@H](C)CC)C(=O)N[C@@H](CC(C)C)C(=O)N1CCC[C@H]1C(=O)N
PIMP, CC(=O)N1CCC[C@H]1C(=O)N[C@@H]([C@@H](C)CC)C(=O)N[C@@H](CCSC)C(=O)N1CCC[C@H]1C(=O)N
PINP, CC(=O)N1CCC[C@H]1C(=O)N[C@@H]([C@@H](C)CC)C(=O)N[C@@H](CC(=O)N)C(=O)N1CCC[C@H]1C(=O)N
PIPP, CC(=O)N1CCC[C@H]1C(=O)N[C@@H]([C@@H](C)CC)C(=O)N1CCC[C@H]1C(=O)N1CCC[C@H]1C(=O)N
PIQP, CC(=O)N1CCC[C@H]1C(=O)N[C@@H]([C@@H](C)CC)C(=O)N[C@@H](CCC(=O)N)C(=O)N1CCC[C@H]1C(=O)N
PIRP, CC(=O)N1CCC[C@H]1C(=O)N[C@@H]([C@@H](C)CC)C(=O)N[C@@H](CCCN=C(N)N)C(=O)N1CCC[C@H]1C(=O)N
PISP, CC(=O)N1CCC[C@H]1C(=O)N[C@@H]([C@@H](C)CC)C(=O)N[C@@H](CO)C(=O)N1CCC[C@H]1C(=O)N
PITP, CC(=O)N1CCC[C@H]1C(=O)N[C@@H]([C@@H](C)CC)C(=O)N[C@@H]([C@H](O)C)C(=O)N1CCC[C@H]1C(=O)N
PIVP, CC(=O)N1CCC[C@H]1C(=O)N[C@@H]([C@@H](C)CC)C(=O)N[C@@H](C(C)C)C(=O)N1CCC[C@H]1C(=O)N
PIWP, CC(=O)N1CCC[C@H]1C(=O)N[C@@H]([C@@H](C)CC)C(=O)N[C@@H](Cc1c[nH]c2c1cccc2)C(=O)N1CCC[C@H]1C(=O)N
PIYP, CC(=O)N1CCC[C@H]1C(=O)N[C@@H]([C@@H](C)CC)C(=O)N[C@@H](Cc1ccc(O)cc1)C(=O)N1CCC[C@H]1C(=O)N
PKAP, CC(=O)N1CCC[C@H]1C(=O)N[C@@H](CCCCN)C(=O)N[C@@H](C)C(=O)N1CCC[C@H]1C(=O)N
PKCP, CC(=O)N1CCC[C@H]1C(=O)N[C@@H](CCCCN)C(=O)N[C@@H](CS)C(=O)N1CCC[C@H]1C(=O)N
PKDP, CC(=O)N1CCC[C@H]1C(=O)N[C@@H](CCCCN)C(=O)N[C@@H](CC(=O)O)C(=O)N1CCC[C@H]1C(=O)N
PKEP, CC(=O)N1CCC[C@H]1C(=O)N[C@@H](CCCCN)C(=O)N[C@@H](CCC(=O)O)C(=O)N1CCC[C@H]1C(=O)N
PKFP, CC(=O)N1CCC[C@H]1C(=O)N[C@@H](CCCCN)C(=O)N[C@@H](Cc1ccccc1)C(=O)N1CCC[C@H]1C(=O)N
PKGP, CC(=O)N1CCC[C@H]1C(=O)N[C@@H](CCCCN)C(=O)NCC(=O)N1CCC[C@H]1C(=O)N
PKHP, CC(=O)N1CCC[C@H]1C(=O)N[C@@H](CCCCN)C(=O)N[C@@H](Cc1nc[nH]c1)C(=O)N1CCC[C@H]1C(=O)N
PKIP, CC(=O)N1CCC[C@H]1C(=O)N[C@@H](CCCCN)C(=O)N[C@@H]([C@@H](C)CC)C(=O)N1CCC[C@H]1C(=O)N
PKKP, CC(=O)N1CCC[C@H]1C(=O)N[C@@H](CCCCN)C(=O)N[C@@H](CCCCN)C(=O)N1CCC[C@H]1C(=O)N
PKLP, CC(=O)N1CCC[C@H]1C(=O)N[C@@H](CCCCN)C(=O)N[C@@H](CC(C)C)C(=O)N1CCC[C@H]1C(=O)N
PKMP, CC(=O)N1CCC[C@H]1C(=O)N[C@@H](CCCCN)C(=O)N[C@@H](CCSC)C(=O)N1CCC[C@H]1C(=O)N
PKNP, CC(=O)N1CCC[C@H]1C(=O)N[C@@H](CCCCN)C(=O)N[C@@H](CC(=O)N)C(=O)N1CCC[C@H]1C(=O)N
PKPP, CC(=O)N1CCC[C@H]1C(=O)N[C@@H](CCCCN)C(=O)N1CCC[C@H]1C(=O)N1CCC[C@H]1C(=O)N
PKQP, CC(=O)N1CCC[C@H]1C(=O)N[C@@H](CCCCN)C(=O)N[C@@H](CCC(=O)N)C(=O)N1CCC[C@H]1C(=O)N
PKRP, CC(=O)N1CCC[C@H]1C(=O)N[C@@H](CCCCN)C(=O)N[C@@H](CCCN=C(N)N)C(=O)N1CCC[C@H]1C(=O)N
PKSP, CC(=O)N1CCC[C@H]1C(=O)N[C@@H](CCCCN)C(=O)N[C@@H](CO)C(=O)N1CCC[C@H]1C(=O)N
PKTP, CC(=O)N1CCC[C@H]1C(=O)N[C@@H](CCCCN)C(=O)N[C@@H]([C@H](O)C)C(=O)N1CCC[C@H]1C(=O)N
PKVP, CC(=O)N1CCC[C@H]1C(=O)N[C@@H](CCCCN)C(=O)N[C@@H](C(C)C)C(=O)N1CCC[C@H]1C(=O)N
PKWP, CC(=O)N1CCC[C@H]1C(=O)N[C@@H](CCCCN)C(=O)N[C@@H](Cc1c[nH]c2c1cccc2)C(=O)N1CCC[C@H]1C(=O)N
PKYP, CC(=O)N1CCC[C@H]1C(=O)N[C@@H](CCCCN)C(=O)N[C@@H](Cc1ccc(O)cc1)C(=O)N1CCC[C@H]1C(=O)N
PLAP, CC(=O)N1CCC[C@H]1C(=O)N[C@@H](CC(C)C)C(=O)N[C@@H](C)C(=O)N1CCC[C@H]1C(=O)N
PLCP, CC(=O)N1CCC[C@H]1C(=O)N[C@@H](CC(C)C)C(=O)N[C@@H](CS)C(=O)N1CCC[C@H]1C(=O)N
PLDP, CC(=O)N1CCC[C@H]1C(=O)N[C@@H](CC(C)C)C(=O)N[C@@H](CC(=O)O)C(=O)N1CCC[C@H]1C(=O)N
PLEP, CC(=O)N1CCC[C@H]1C(=O)N[C@@H](CC(C)C)C(=O)N[C@@H](CCC(=O)O)C(=O)N1CCC[C@H]1C(=O)N
PLFP, CC(=O)N1CCC[C@H]1C(=O)N[C@@H](CC(C)C)C(=O)N[C@@H](Cc1ccccc1)C(=O)N1CCC[C@H]1C(=O)N
PLGP, CC(=O)N1CCC[C@H]1C(=O)N[C@@H](CC(C)C)C(=O)NCC(=O)N1CCC[C@H]1C(=O)N
PLHP, CC(=O)N1CCC[C@H]1C(=O)N[C@@H](CC(C)C)C(=O)N[C@@H](Cc1nc[nH]c1)C(=O)N1CCC[C@H]1C(=O)N
PLIP, CC(=O)N1CCC[C@H]1C(=O)N[C@@H](CC(C)C)C(=O)N[C@@H]([C@@H](C)CC)C(=O)N1CCC[C@H]1C(=O)N
PLKP, CC(=O)N1CCC[C@H]1C(=O)N[C@@H](CC(C)C)C(=O)N[C@@H](CCCCN)C(=O)N1CCC[C@H]1C(=O)N
PLLP, CC(=O)N1CCC[C@H]1C(=O)N[C@@H](CC(C)C)C(=O)N[C@@H](CC(C)C)C(=O)N1CCC[C@H]1C(=O)N
PLMP, CC(=O)N1CCC[C@H]1C(=O)N[C@@H](CC(C)C)C(=O)N[C@@H](CCSC)C(=O)N1CCC[C@H]1C(=O)N
PLNP, CC(=O)N1CCC[C@H]1C(=O)N[C@@H](CC(C)C)C(=O)N[C@@H](CC(=O)N)C(=O)N1CCC[C@H]1C(=O)N
PLPP, CC(=O)N1CCC[C@H]1C(=O)N[C@@H](CC(C)C)C(=O)N1CCC[C@H]1C(=O)N1CCC[C@H]1C(=O)N
PLQP, CC(=O)N1CCC[C@H]1C(=O)N[C@@H](CC(C)C)C(=O)N[C@@H](CCC(=O)N)C(=O)N1CCC[C@H]1C(=O)N
PLRP, CC(=O)N1CCC[C@H]1C(=O)N[C@@H](CC(C)C)C(=O)N[C@@H](CCCN=C(N)N)C(=O)N1CCC[C@H]1C(=O)N
PLSP, CC(=O)N1CCC[C@H]1C(=O)N[C@@H](CC(C)C)C(=O)N[C@@H](CO)C(=O)N1CCC[C@H]1C(=O)N
PLTP, CC(=O)N1CCC[C@H]1C(=O)N[C@@H](CC(C)C)C(=O)N[C@@H]([C@H](O)C)C(=O)N1CCC[C@H]1C(=O)N
PLVP, CC(=O)N1CCC[C@H]1C(=O)N[C@@H](CC(C)C)C(=O)N[C@@H](C(C)C)C(=O)N1CCC[C@H]1C(=O)N
PLWP, CC(=O)N1CCC[C@H]1C(=O)N[C@@H](CC(C)C)C(=O)N[C@@H](Cc1c[nH]c2c1cccc2)C(=O)N1CCC[C@H]1C(=O)N
PLYP, CC(=O)N1CCC[C@H]1C(=O)N[C@@H](CC(C)C)C(=O)N[C@@H](Cc1ccc(O)cc1)C(=O)N1CCC[C@H]1C(=O)N
PMAP, CC(=O)N1CCC[C@H]1C(=O)N[C@@H](CCSC)C(=O)N[C@@H](C)C(=O)N1CCC[C@H]1C(=O)N
PMCP, CC(=O)N1CCC[C@H]1C(=O)N[C@@H](CCSC)C(=O)N[C@@H](CS)C(=O)N1CCC[C@H]1C(=O)N
PMDP, CC(=O)N1CCC[C@H]1C(=O)N[C@@H](CCSC)C(=O)N[C@@H](CC(=O)O)C(=O)N1CCC[C@H]1C(=O)N
PMEP, CC(=O)N1CCC[C@H]1C(=O)N[C@@H](CCSC)C(=O)N[C@@H](CCC(=O)O)C(=O)N1CCC[C@H]1C(=O)N
PMFP, CC(=O)N1CCC[C@H]1C(=O)N[C@@H](CCSC)C(=O)N[C@@H](Cc1ccccc1)C(=O)N1CCC[C@H]1C(=O)N
PMGP, CC(=O)N1CCC[C@H]1C(=O)N[C@@H](CCSC)C(=O)NCC(=O)N1CCC[C@H]1C(=O)N
PMHP, CC(=O)N1CCC[C@H]1C(=O)N[C@@H](CCSC)C(=O)N[C@@H](Cc1nc[nH]c1)C(=O)N1CCC[C@H]1C(=O)N
PMIP, CC(=O)N1CCC[C@H]1C(=O)N[C@@H](CCSC)C(=O)N[C@@H]([C@@H](C)CC)C(=O)N1CCC[C@H]1C(=O)N
PMKP, CC(=O)N1CCC[C@H]1C(=O)N[C@@H](CCSC)C(=O)N[C@@H](CCCCN)C(=O)N1CCC[C@H]1C(=O)N
PMLP, CC(=O)N1CCC[C@H]1C(=O)N[C@@H](CCSC)C(=O)N[C@@H](CC(C)C)C(=O)N1CCC[C@H]1C(=O)N
PMMP, CC(=O)N1CCC[C@H]1C(=O)N[C@@H](CCSC)C(=O)N[C@@H](CCSC)C(=O)N1CCC[C@H]1C(=O)N
PMNP, CC(=O)N1CCC[C@H]1C(=O)N[C@@H](CCSC)C(=O)N[C@@H](CC(=O)N)C(=O)N1CCC[C@H]1C(=O)N
PMPP, CC(=O)N1CCC[C@H]1C(=O)N[C@@H](CCSC)C(=O)N1CCC[C@H]1C(=O)N1CCC[C@H]1C(=O)N
PMQP, CC(=O)N1CCC[C@H]1C(=O)N[C@@H](CCSC)C(=O)N[C@@H](CCC(=O)N)C(=O)N1CCC[C@H]1C(=O)N
PMRP, CC(=O)N1CCC[C@H]1C(=O)N[C@@H](CCSC)C(=O)N[C@@H](CCCN=C(N)N)C(=O)N1CCC[C@H]1C(=O)N
PMSP, CC(=O)N1CCC[C@H]1C(=O)N[C@@H](CCSC)C(=O)N[C@@H](CO)C(=O)N1CCC[C@H]1C(=O)N
PMTP, CC(=O)N1CCC[C@H]1C(=O)N[C@@H](CCSC)C(=O)N[C@@H]([C@H](O)C)C(=O)N1CCC[C@H]1C(=O)N
PMVP, CC(=O)N1CCC[C@H]1C(=O)N[C@@H](CCSC)C(=O)N[C@@H](C(C)C)C(=O)N1CCC[C@H]1C(=O)N
PMWP, CC(=O)N1CCC[C@H]1C(=O)N[C@@H](CCSC)C(=O)N[C@@H](Cc1c[nH]c2c1cccc2)C(=O)N1CCC[C@H]1C(=O)N
PMYP, CC(=O)N1CCC[C@H]1C(=O)N[C@@H](CCSC)C(=O)N[C@@H](Cc1ccc(O)cc1)C(=O)N1CCC[C@H]1C(=O)N
PNAP, CC(=O)N1CCC[C@H]1C(=O)N[C@@H](CC(=O)N)C(=O)N[C@@H](C)C(=O)N1CCC[C@H]1C(=O)N
PNCP, CC(=O)N1CCC[C@H]1C(=O)N[C@@H](CC(=O)N)C(=O)N[C@@H](CS)C(=O)N1CCC[C@H]1C(=O)N
PNDP, CC(=O)N1CCC[C@H]1C(=O)N[C@@H](CC(=O)N)C(=O)N[C@@H](CC(=O)O)C(=O)N1CCC[C@H]1C(=O)N
PNEP, CC(=O)N1CCC[C@H]1C(=O)N[C@@H](CC(=O)N)C(=O)N[C@@H](CCC(=O)O)C(=O)N1CCC[C@H]1C(=O)N
PNFP, CC(=O)N1CCC[C@H]1C(=O)N[C@@H](CC(=O)N)C(=O)N[C@@H](Cc1ccccc1)C(=O)N1CCC[C@H]1C(=O)N
PNGP, CC(=O)N1CCC[C@H]1C(=O)N[C@@H](CC(=O)N)C(=O)NCC(=O)N1CCC[C@H]1C(=O)N
PNHP, CC(=O)N1CCC[C@H]1C(=O)N[C@@H](CC(=O)N)C(=O)N[C@@H](Cc1nc[nH]c1)C(=O)N1CCC[C@H]1C(=O)N
PNIP, CC(=O)N1CCC[C@H]1C(=O)N[C@@H](CC(=O)N)C(=O)N[C@@H]([C@@H](C)CC)C(=O)N1CCC[C@H]1C(=O)N
PNKP, CC(=O)N1CCC[C@H]1C(=O)N[C@@H](CC(=O)N)C(=O)N[C@@H](CCCCN)C(=O)N1CCC[C@H]1C(=O)N
PNLP, CC(=O)N1CCC[C@H]1C(=O)N[C@@H](CC(=O)N)C(=O)N[C@@H](CC(C)C)C(=O)N1CCC[C@H]1C(=O)N
PNMP, CC(=O)N1CCC[C@H]1C(=O)N[C@@H](CC(=O)N)C(=O)N[C@@H](CCSC)C(=O)N1CCC[C@H]1C(=O)N
PNNP, CC(=O)N1CCC[C@H]1C(=O)N[C@@H](CC(=O)N)C(=O)N[C@@H](CC(=O)N)C(=O)N1CCC[C@H]1C(=O)N
PNPP, CC(=O)N1CCC[C@H]1C(=O)N[C@@H](CC(=O)N)C(=O)N1CCC[C@H]1C(=O)N1CCC[C@H]1C(=O)N
PNQP, CC(=O)N1CCC[C@H]1C(=O)N[C@@H](CC(=O)N)C(=O)N[C@@H](CCC(=O)N)C(=O)N1CCC[C@H]1C(=O)N
PNRP, CC(=O)N1CCC[C@H]1C(=O)N[C@@H](CC(=O)N)C(=O)N[C@@H](CCCN=C(N)N)C(=O)N1CCC[C@H]1C(=O)N
PNSP, CC(=O)N1CCC[C@H]1C(=O)N[C@@H](CC(=O)N)C(=O)N[C@@H](CO)C(=O)N1CCC[C@H]1C(=O)N
PNTP, CC(=O)N1CCC[C@H]1C(=O)N[C@@H](CC(=O)N)C(=O)N[C@@H]([C@H](O)C)C(=O)N1CCC[C@H]1C(=O)N
PNVP, CC(=O)N1CCC[C@H]1C(=O)N[C@@H](CC(=O)N)C(=O)N[C@@H](C(C)C)C(=O)N1CCC[C@H]1C(=O)N
PNWP, CC(=O)N1CCC[C@H]1C(=O)N[C@@H](CC(=O)N)C(=O)N[C@@H](Cc1c[nH]c2c1cccc2)C(=O)N1CCC[C@H]1C(=O)N
PNYP, CC(=O)N1CCC[C@H]1C(=O)N[C@@H](CC(=O)N)C(=O)N[C@@H](Cc1ccc(O)cc1)C(=O)N1CCC[C@H]1C(=O)N
PPAP, CC(=O)N1CCC[C@H]1C(=O)N1CCC[C@H]1C(=O)N[C@@H](C)C(=O)N1CCC[C@H]1C(=O)N
PPCP, CC(=O)N1CCC[C@H]1C(=O)N1CCC[C@H]1C(=O)N[C@@H](CS)C(=O)N1CCC[C@H]1C(=O)N
PPDP, CC(=O)N1CCC[C@H]1C(=O)N1CCC[C@H]1C(=O)N[C@@H](CC(=O)O)C(=O)N1CCC[C@H]1C(=O)N
PPEP, CC(=O)N1CCC[C@H]1C(=O)N1CCC[C@H]1C(=O)N[C@@H](CCC(=O)O)C(=O)N1CCC[C@H]1C(=O)N
PPFP, CC(=O)N1CCC[C@H]1C(=O)N1CCC[C@H]1C(=O)N[C@@H](Cc1ccccc1)C(=O)N1CCC[C@H]1C(=O)N
PPGP, CC(=O)N1CCC[C@H]1C(=O)N1CCC[C@H]1C(=O)NCC(=O)N1CCC[C@H]1C(=O)N
PPHP, CC(=O)N1CCC[C@H]1C(=O)N1CCC[C@H]1C(=O)N[C@@H](Cc1nc[nH]c1)C(=O)N1CCC[C@H]1C(=O)N
PPIP, CC(=O)N1CCC[C@H]1C(=O)N1CCC[C@H]1C(=O)N[C@@H]([C@@H](C)CC)C(=O)N1CCC[C@H]1C(=O)N
PPKP, CC(=O)N1CCC[C@H]1C(=O)N1CCC[C@H]1C(=O)N[C@@H](CCCCN)C(=O)N1CCC[C@H]1C(=O)N
PPLP, CC(=O)N1CCC[C@H]1C(=O)N1CCC[C@H]1C(=O)N[C@@H](CC(C)C)C(=O)N1CCC[C@H]1C(=O)N
PPMP, CC(=O)N1CCC[C@H]1C(=O)N1CCC[C@H]1C(=O)N[C@@H](CCSC)C(=O)N1CCC[C@H]1C(=O)N
PPNP, CC(=O)N1CCC[C@H]1C(=O)N1CCC[C@H]1C(=O)N[C@@H](CC(=O)N)C(=O)N1CCC[C@H]1C(=O)N
PPPP, CC(=O)N1CCC[C@H]1C(=O)N1CCC[C@H]1C(=O)N1CCC[C@H]1C(=O)N1CCC[C@H]1C(=O)N
PPQP, CC(=O)N1CCC[C@H]1C(=O)N1CCC[C@H]1C(=O)N[C@@H](CCC(=O)N)C(=O)N1CCC[C@H]1C(=O)N
PPRP, CC(=O)N1CCC[C@H]1C(=O)N1CCC[C@H]1C(=O)N[C@@H](CCCN=C(N)N)C(=O)N1CCC[C@H]1C(=O)N
PPSP, CC(=O)N1CCC[C@H]1C(=O)N1CCC[C@H]1C(=O)N[C@@H](CO)C(=O)N1CCC[C@H]1C(=O)N
PPTP, CC(=O)N1CCC[C@H]1C(=O)N1CCC[C@H]1C(=O)N[C@@H]([C@H](O)C)C(=O)N1CCC[C@H]1C(=O)N
PPVP, CC(=O)N1CCC[C@H]1C(=O)N1CCC[C@H]1C(=O)N[C@@H](C(C)C)C(=O)N1CCC[C@H]1C(=O)N
PPWP, CC(=O)N1CCC[C@H]1C(=O)N1CCC[C@H]1C(=O)N[C@@H](Cc1c[nH]c2c1cccc2)C(=O)N1CCC[C@H]1C(=O)N
PPYP, CC(=O)N1CCC[C@H]1C(=O)N1CCC[C@H]1C(=O)N[C@@H](Cc1ccc(O)cc1)C(=O)N1CCC[C@H]1C(=O)N
PQAP, CC(=O)N1CCC[C@H]1C(=O)N[C@@H](CCC(=O)N)C(=O)N[C@@H](C)C(=O)N1CCC[C@H]1C(=O)N
PQCP, CC(=O)N1CCC[C@H]1C(=O)N[C@@H](CCC(=O)N)C(=O)N[C@@H](CS)C(=O)N1CCC[C@H]1C(=O)N
PQDP, CC(=O)N1CCC[C@H]1C(=O)N[C@@H](CCC(=O)N)C(=O)N[C@@H](CC(=O)O)C(=O)N1CCC[C@H]1C(=O)N
PQEP, CC(=O)N1CCC[C@H]1C(=O)N[C@@H](CCC(=O)N)C(=O)N[C@@H](CCC(=O)O)C(=O)N1CCC[C@H]1C(=O)N
PQFP, CC(=O)N1CCC[C@H]1C(=O)N[C@@H](CCC(=O)N)C(=O)N[C@@H](Cc1ccccc1)C(=O)N1CCC[C@H]1C(=O)N
PQGP, CC(=O)N1CCC[C@H]1C(=O)N[C@@H](CCC(=O)N)C(=O)NCC(=O)N1CCC[C@H]1C(=O)N
PQHP, CC(=O)N1CCC[C@H]1C(=O)N[C@@H](CCC(=O)N)C(=O)N[C@@H](Cc1nc[nH]c1)C(=O)N1CCC[C@H]1C(=O)N
PQIP, CC(=O)N1CCC[C@H]1C(=O)N[C@@H](CCC(=O)N)C(=O)N[C@@H]([C@@H](C)CC)C(=O)N1CCC[C@H]1C(=O)N
PQKP, CC(=O)N1CCC[C@H]1C(=O)N[C@@H](CCC(=O)N)C(=O)N[C@@H](CCCCN)C(=O)N1CCC[C@H]1C(=O)N
PQLP, CC(=O)N1CCC[C@H]1C(=O)N[C@@H](CCC(=O)N)C(=O)N[C@@H](CC(C)C)C(=O)N1CCC[C@H]1C(=O)N
PQMP, CC(=O)N1CCC[C@H]1C(=O)N[C@@H](CCC(=O)N)C(=O)N[C@@H](CCSC)C(=O)N1CCC[C@H]1C(=O)N
PQNP, CC(=O)N1CCC[C@H]1C(=O)N[C@@H](CCC(=O)N)C(=O)N[C@@H](CC(=O)N)C(=O)N1CCC[C@H]1C(=O)N
PQPP, CC(=O)N1CCC[C@H]1C(=O)N[C@@H](CCC(=O)N)C(=O)N1CCC[C@H]1C(=O)N1CCC[C@H]1C(=O)N
PQQP, CC(=O)N1CCC[C@H]1C(=O)N[C@@H](CCC(=O)N)C(=O)N[C@@H](CCC(=O)N)C(=O)N1CCC[C@H]1C(=O)N
PQRP, CC(=O)N1CCC[C@H]1C(=O)N[C@@H](CCC(=O)N)C(=O)N[C@@H](CCCN=C(N)N)C(=O)N1CCC[C@H]1C(=O)N
PQSP, CC(=O)N1CCC[C@H]1C(=O)N[C@@H](CCC(=O)N)C(=O)N[C@@H](CO)C(=O)N1CCC[C@H]1C(=O)N
PQTP, CC(=O)N1CCC[C@H]1C(=O)N[C@@H](CCC(=O)N)C(=O)N[C@@H]([C@H](O)C)C(=O)N1CCC[C@H]1C(=O)N
PQVP, CC(=O)N1CCC[C@H]1C(=O)N[C@@H](CCC(=O)N)C(=O)N[C@@H](C(C)C)C(=O)N1CCC[C@H]1C(=O)N
PQWP, CC(=O)N1CCC[C@H]1C(=O)N[C@@H](CCC(=O)N)C(=O)N[C@@H](Cc1c[nH]c2c1cccc2)C(=O)N1CCC[C@H]1C(=O)N
PQYP, CC(=O)N1CCC[C@H]1C(=O)N[C@@H](CCC(=O)N)C(=O)N[C@@H](Cc1ccc(O)cc1)C(=O)N1CCC[C@H]1C(=O)N
PRAP, CC(=O)N1CCC[C@H]1C(=O)N[C@@H](CCCN=C(N)N)C(=O)N[C@@H](C)C(=O)N1CCC[C@H]1C(=O)N
PRCP, CC(=O)N1CCC[C@H]1C(=O)N[C@@H](CCCN=C(N)N)C(=O)N[C@@H](CS)C(=O)N1CCC[C@H]1C(=O)N
PRDP, CC(=O)N1CCC[C@H]1C(=O)N[C@@H](CCCN=C(N)N)C(=O)N[C@@H](CC(=O)O)C(=O)N1CCC[C@H]1C(=O)N
PREP, CC(=O)N1CCC[C@H]1C(=O)N[C@@H](CCCN=C(N)N)C(=O)N[C@@H](CCC(=O)O)C(=O)N1CCC[C@H]1C(=O)N
PRFP, CC(=O)N1CCC[C@H]1C(=O)N[C@@H](CCCN=C(N)N)C(=O)N[C@@H](Cc1ccccc1)C(=O)N1CCC[C@H]1C(=O)N
PRGP, CC(=O)N1CCC[C@H]1C(=O)N[C@@H](CCCN=C(N)N)C(=O)NCC(=O)N1CCC[C@H]1C(=O)N
PRHP, CC(=O)N1CCC[C@H]1C(=O)N[C@@H](CCCN=C(N)N)C(=O)N[C@@H](Cc1nc[nH]c1)C(=O)N1CCC[C@H]1C(=O)N
PRIP, CC(=O)N1CCC[C@H]1C(=O)N[C@@H](CCCN=C(N)N)C(=O)N[C@@H]([C@@H](C)CC)C(=O)N1CCC[C@H]1C(=O)N
PRKP, CC(=O)N1CCC[C@H]1C(=O)N[C@@H](CCCN=C(N)N)C(=O)N[C@@H](CCCCN)C(=O)N1CCC[C@H]1C(=O)N
PRLP, CC(=O)N1CCC[C@H]1C(=O)N[C@@H](CCCN=C(N)N)C(=O)N[C@@H](CC(C)C)C(=O)N1CCC[C@H]1C(=O)N
PRMP, CC(=O)N1CCC[C@H]1C(=O)N[C@@H](CCCN=C(N)N)C(=O)N[C@@H](CCSC)C(=O)N1CCC[C@H]1C(=O)N
PRNP, CC(=O)N1CCC[C@H]1C(=O)N[C@@H](CCCN=C(N)N)C(=O)N[C@@H](CC(=O)N)C(=O)N1CCC[C@H]1C(=O)N
PRPP, CC(=O)N1CCC[C@H]1C(=O)N[C@@H](CCCN=C(N)N)C(=O)N1CCC[C@H]1C(=O)N1CCC[C@H]1C(=O)N
PRQP, CC(=O)N1CCC[C@H]1C(=O)N[C@@H](CCCN=C(N)N)C(=O)N[C@@H](CCC(=O)N)C(=O)N1CCC[C@H]1C(=O)N
PRRP, CC(=O)N1CCC[C@H]1C(=O)N[C@@H](CCCN=C(N)N)C(=O)N[C@@H](CCCN=C(N)N)C(=O)N1CCC[C@H]1C(=O)N
PRSP, CC(=O)N1CCC[C@H]1C(=O)N[C@@H](CCCN=C(N)N)C(=O)N[C@@H](CO)C(=O)N1CCC[C@H]1C(=O)N
PRTP, CC(=O)N1CCC[C@H]1C(=O)N[C@@H](CCCN=C(N)N)C(=O)N[C@@H]([C@H](O)C)C(=O)N1CCC[C@H]1C(=O)N
PRVP, CC(=O)N1CCC[C@H]1C(=O)N[C@@H](CCCN=C(N)N)C(=O)N[C@@H](C(C)C)C(=O)N1CCC[C@H]1C(=O)N
PRWP, CC(=O)N1CCC[C@H]1C(=O)N[C@@H](CCCN=C(N)N)C(=O)N[C@@H](Cc1c[nH]c2c1cccc2)C(=O)N1CCC[C@H]1C(=O)N
PRYP, CC(=O)N1CCC[C@H]1C(=O)N[C@@H](CCCN=C(N)N)C(=O)N[C@@H](Cc1ccc(O)cc1)C(=O)N1CCC[C@H]1C(=O)N
PSAP, CC(=O)N1CCC[C@H]1C(=O)N[C@@H](CO)C(=O)N[C@@H](C)C(=O)N1CCC[C@H]1C(=O)N
PSCP, CC(=O)N1CCC[C@H]1C(=O)N[C@@H](CO)C(=O)N[C@@H](CS)C(=O)N1CCC[C@H]1C(=O)N
PSDP, CC(=O)N1CCC[C@H]1C(=O)N[C@@H](CO)C(=O)N[C@@H](CC(=O)O)C(=O)N1CCC[C@H]1C(=O)N
PSEP, CC(=O)N1CCC[C@H]1C(=O)N[C@@H](CO)C(=O)N[C@@H](CCC(=O)O)C(=O)N1CCC[C@H]1C(=O)N
PSFP, CC(=O)N1CCC[C@H]1C(=O)N[C@@H](CO)C(=O)N[C@@H](Cc1ccccc1)C(=O)N1CCC[C@H]1C(=O)N
PSGP, CC(=O)N1CCC[C@H]1C(=O)N[C@@H](CO)C(=O)NCC(=O)N1CCC[C@H]1C(=O)N
PSHP, CC(=O)N1CCC[C@H]1C(=O)N[C@@H](CO)C(=O)N[C@@H](Cc1nc[nH]c1)C(=O)N1CCC[C@H]1C(=O)N
PSIP, CC(=O)N1CCC[C@H]1C(=O)N[C@@H](CO)C(=O)N[C@@H]([C@@H](C)CC)C(=O)N1CCC[C@H]1C(=O)N
PSKP, CC(=O)N1CCC[C@H]1C(=O)N[C@@H](CO)C(=O)N[C@@H](CCCCN)C(=O)N1CCC[C@H]1C(=O)N
PSLP, CC(=O)N1CCC[C@H]1C(=O)N[C@@H](CO)C(=O)N[C@@H](CC(C)C)C(=O)N1CCC[C@H]1C(=O)N
PSMP, CC(=O)N1CCC[C@H]1C(=O)N[C@@H](CO)C(=O)N[C@@H](CCSC)C(=O)N1CCC[C@H]1C(=O)N
PSNP, CC(=O)N1CCC[C@H]1C(=O)N[C@@H](CO)C(=O)N[C@@H](CC(=O)N)C(=O)N1CCC[C@H]1C(=O)N
PSPP, CC(=O)N1CCC[C@H]1C(=O)N[C@@H](CO)C(=O)N1CCC[C@H]1C(=O)N1CCC[C@H]1C(=O)N
PSQP, CC(=O)N1CCC[C@H]1C(=O)N[C@@H](CO)C(=O)N[C@@H](CCC(=O)N)C(=O)N1CCC[C@H]1C(=O)N
PSRP, CC(=O)N1CCC[C@H]1C(=O)N[C@@H](CO)C(=O)N[C@@H](CCCN=C(N)N)C(=O)N1CCC[C@H]1C(=O)N
PSSP, CC(=O)N1CCC[C@H]1C(=O)N[C@@H](CO)C(=O)N[C@@H](CO)C(=O)N1CCC[C@H]1C(=O)N
PSTP, CC(=O)N1CCC[C@H]1C(=O)N[C@@H](CO)C(=O)N[C@@H]([C@H](O)C)C(=O)N1CCC[C@H]1C(=O)N
PSVP, CC(=O)N1CCC[C@H]1C(=O)N[C@@H](CO)C(=O)N[C@@H](C(C)C)C(=O)N1CCC[C@H]1C(=O)N
PSWP, CC(=O)N1CCC[C@H]1C(=O)N[C@@H](CO)C(=O)N[C@@H](Cc1c[nH]c2c1cccc2)C(=O)N1CCC[C@H]1C(=O)N
PSYP, CC(=O)N1CCC[C@H]1C(=O)N[C@@H](CO)C(=O)N[C@@H](Cc1ccc(O)cc1)C(=O)N1CCC[C@H]1C(=O)N
PTAP, CC(=O)N1CCC[C@H]1C(=O)N[C@@H]([C@H](O)C)C(=O)N[C@@H](C)C(=O)N1CCC[C@H]1C(=O)N
PTCP, CC(=O)N1CCC[C@H]1C(=O)N[C@@H]([C@H](O)C)C(=O)N[C@@H](CS)C(=O)N1CCC[C@H]1C(=O)N
PTDP, CC(=O)N1CCC[C@H]1C(=O)N[C@@H]([C@H](O)C)C(=O)N[C@@H](CC(=O)O)C(=O)N1CCC[C@H]1C(=O)N
PTEP, CC(=O)N1CCC[C@H]1C(=O)N[C@@H]([C@H](O)C)C(=O)N[C@@H](CCC(=O)O)C(=O)N1CCC[C@H]1C(=O)N
PTFP, CC(=O)N1CCC[C@H]1C(=O)N[C@@H]([C@H](O)C)C(=O)N[C@@H](Cc1ccccc1)C(=O)N1CCC[C@H]1C(=O)N
PTGP, CC(=O)N1CCC[C@H]1C(=O)N[C@@H]([C@H](O)C)C(=O)NCC(=O)N1CCC[C@H]1C(=O)N
PTHP, CC(=O)N1CCC[C@H]1C(=O)N[C@@H]([C@H](O)C)C(=O)N[C@@H](Cc1nc[nH]c1)C(=O)N1CCC[C@H]1C(=O)N
PTIP, CC(=O)N1CCC[C@H]1C(=O)N[C@@H]([C@H](O)C)C(=O)N[C@@H]([C@@H](C)CC)C(=O)N1CCC[C@H]1C(=O)N
PTKP, CC(=O)N1CCC[C@H]1C(=O)N[C@@H]([C@H](O)C)C(=O)N[C@@H](CCCCN)C(=O)N1CCC[C@H]1C(=O)N
PTLP, CC(=O)N1CCC[C@H]1C(=O)N[C@@H]([C@H](O)C)C(=O)N[C@@H](CC(C)C)C(=O)N1CCC[C@H]1C(=O)N
PTMP, CC(=O)N1CCC[C@H]1C(=O)N[C@@H]([C@H](O)C)C(=O)N[C@@H](CCSC)C(=O)N1CCC[C@H]1C(=O)N
PTNP, CC(=O)N1CCC[C@H]1C(=O)N[C@@H]([C@H](O)C)C(=O)N[C@@H](CC(=O)N)C(=O)N1CCC[C@H]1C(=O)N
PTPP, CC(=O)N1CCC[C@H]1C(=O)N[C@@H]([C@H](O)C)C(=O)N1CCC[C@H]1C(=O)N1CCC[C@H]1C(=O)N
PTQP, CC(=O)N1CCC[C@H]1C(=O)N[C@@H]([C@H](O)C)C(=O)N[C@@H](CCC(=O)N)C(=O)N1CCC[C@H]1C(=O)N
PTRP, CC(=O)N1CCC[C@H]1C(=O)N[C@@H]([C@H](O)C)C(=O)N[C@@H](CCCN=C(N)N)C(=O)N1CCC[C@H]1C(=O)N
PTSP, CC(=O)N1CCC[C@H]1C(=O)N[C@@H]([C@H](O)C)C(=O)N[C@@H](CO)C(=O)N1CCC[C@H]1C(=O)N
PTTP, CC(=O)N1CCC[C@H]1C(=O)N[C@@H]([C@H](O)C)C(=O)N[C@@H]([C@H](O)C)C(=O)N1CCC[C@H]1C(=O)N
PTVP, CC(=O)N1CCC[C@H]1C(=O)N[C@@H]([C@H](O)C)C(=O)N[C@@H](C(C)C)C(=O)N1CCC[C@H]1C(=O)N
PTWP, CC(=O)N1CCC[C@H]1C(=O)N[C@@H]([C@H](O)C)C(=O)N[C@@H](Cc1c[nH]c2c1cccc2)C(=O)N1CCC[C@H]1C(=O)N
PTYP, CC(=O)N1CCC[C@H]1C(=O)N[C@@H]([C@H](O)C)C(=O)N[C@@H](Cc1ccc(O)cc1)C(=O)N1CCC[C@H]1C(=O)N
PVAP, CC(=O)N1CCC[C@H]1C(=O)N[C@@H](C(C)C)C(=O)N[C@@H](C)C(=O)N1CCC[C@H]1C(=O)N
PVCP, CC(=O)N1CCC[C@H]1C(=O)N[C@@H](C(C)C)C(=O)N[C@@H](CS)C(=O)N1CCC[C@H]1C(=O)N
PVDP, CC(=O)N1CCC[C@H]1C(=O)N[C@@H](C(C)C)C(=O)N[C@@H](CC(=O)O)C(=O)N1CCC[C@H]1C(=O)N
PVEP, CC(=O)N1CCC[C@H]1C(=O)N[C@@H](C(C)C)C(=O)N[C@@H](CCC(=O)O)C(=O)N1CCC[C@H]1C(=O)N
PVFP, CC(=O)N1CCC[C@H]1C(=O)N[C@@H](C(C)C)C(=O)N[C@@H](Cc1ccccc1)C(=O)N1CCC[C@H]1C(=O)N
PVGP, CC(=O)N1CCC[C@H]1C(=O)N[C@@H](C(C)C)C(=O)NCC(=O)N1CCC[C@H]1C(=O)N
PVHP, CC(=O)N1CCC[C@H]1C(=O)N[C@@H](C(C)C)C(=O)N[C@@H](Cc1nc[nH]c1)C(=O)N1CCC[C@H]1C(=O)N
PVIP, CC(=O)N1CCC[C@H]1C(=O)N[C@@H](C(C)C)C(=O)N[C@@H]([C@@H](C)CC)C(=O)N1CCC[C@H]1C(=O)N
PVKP, CC(=O)N1CCC[C@H]1C(=O)N[C@@H](C(C)C)C(=O)N[C@@H](CCCCN)C(=O)N1CCC[C@H]1C(=O)N
PVLP, CC(=O)N1CCC[C@H]1C(=O)N[C@@H](C(C)C)C(=O)N[C@@H](CC(C)C)C(=O)N1CCC[C@H]1C(=O)N
PVMP, CC(=O)N1CCC[C@H]1C(=O)N[C@@H](C(C)C)C(=O)N[C@@H](CCSC)C(=O)N1CCC[C@H]1C(=O)N
PVNP, CC(=O)N1CCC[C@H]1C(=O)N[C@@H](C(C)C)C(=O)N[C@@H](CC(=O)N)C(=O)N1CCC[C@H]1C(=O)N
PVPP, CC(=O)N1CCC[C@H]1C(=O)N[C@@H](C(C)C)C(=O)N1CCC[C@H]1C(=O)N1CCC[C@H]1C(=O)N
PVQP, CC(=O)N1CCC[C@H]1C(=O)N[C@@H](C(C)C)C(=O)N[C@@H](CCC(=O)N)C(=O)N1CCC[C@H]1C(=O)N
PVRP, CC(=O)N1CCC[C@H]1C(=O)N[C@@H](C(C)C)C(=O)N[C@@H](CCCN=C(N)N)C(=O)N1CCC[C@H]1C(=O)N
PVSP, CC(=O)N1CCC[C@H]1C(=O)N[C@@H](C(C)C)C(=O)N[C@@H](CO)C(=O)N1CCC[C@H]1C(=O)N
PVTP, CC(=O)N1CCC[C@H]1C(=O)N[C@@H](C(C)C)C(=O)N[C@@H]([C@H](O)C)C(=O)N1CCC[C@H]1C(=O)N
PVVP, CC(=O)N1CCC[C@H]1C(=O)N[C@@H](C(C)C)C(=O)N[C@@H](C(C)C)C(=O)N1CCC[C@H]1C(=O)N
PVWP, CC(=O)N1CCC[C@H]1C(=O)N[C@@H](C(C)C)C(=O)N[C@@H](Cc1c[nH]c2c1cccc2)C(=O)N1CCC[C@H]1C(=O)N
PVYP, CC(=O)N1CCC[C@H]1C(=O)N[C@@H](C(C)C)C(=O)N[C@@H](Cc1ccc(O)cc1)C(=O)N1CCC[C@H]1C(=O)N
PWAP, CC(=O)N1CCC[C@H]1C(=O)N[C@@H](Cc1c[nH]c2c1cccc2)C(=O)N[C@@H](C)C(=O)N1CCC[C@H]1C(=O)N
PWCP, CC(=O)N1CCC[C@H]1C(=O)N[C@@H](Cc1c[nH]c2c1cccc2)C(=O)N[C@@H](CS)C(=O)N1CCC[C@H]1C(=O)N
PWDP, CC(=O)N1CCC[C@H]1C(=O)N[C@@H](Cc1c[nH]c2c1cccc2)C(=O)N[C@@H](CC(=O)O)C(=O)N1CCC[C@H]1C(=O)N
PWEP, CC(=O)N1CCC[C@H]1C(=O)N[C@@H](Cc1c[nH]c2c1cccc2)C(=O)N[C@@H](CCC(=O)O)C(=O)N1CCC[C@H]1C(=O)N
PWFP, CC(=O)N1CCC[C@H]1C(=O)N[C@@H](Cc1c[nH]c2c1cccc2)C(=O)N[C@@H](Cc1ccccc1)C(=O)N1CCC[C@H]1C(=O)N
PWGP, CC(=O)N1CCC[C@H]1C(=O)N[C@@H](Cc1c[nH]c2c1cccc2)C(=O)NCC(=O)N1CCC[C@H]1C(=O)N
PWHP, CC(=O)N1CCC[C@H]1C(=O)N[C@@H](Cc1c[nH]c2c1cccc2)C(=O)N[C@@H](Cc1nc[nH]c1)C(=O)N1CCC[C@H]1C(=O)N
PWIP, CC(=O)N1CCC[C@H]1C(=O)N[C@@H](Cc1c[nH]c2c1cccc2)C(=O)N[C@@H]([C@@H](C)CC)C(=O)N1CCC[C@H]1C(=O)N
PWKP, CC(=O)N1CCC[C@H]1C(=O)N[C@@H](Cc1c[nH]c2c1cccc2)C(=O)N[C@@H](CCCCN)C(=O)N1CCC[C@H]1C(=O)N
PWLP, CC(=O)N1CCC[C@H]1C(=O)N[C@@H](Cc1c[nH]c2c1cccc2)C(=O)N[C@@H](CC(C)C)C(=O)N1CCC[C@H]1C(=O)N
PWMP, CC(=O)N1CCC[C@H]1C(=O)N[C@@H](Cc1c[nH]c2c1cccc2)C(=O)N[C@@H](CCSC)C(=O)N1CCC[C@H]1C(=O)N
PWNP, CC(=O)N1CCC[C@H]1C(=O)N[C@@H](Cc1c[nH]c2c1cccc2)C(=O)N[C@@H](CC(=O)N)C(=O)N1CCC[C@H]1C(=O)N
PWPP, CC(=O)N1CCC[C@H]1C(=O)N[C@@H](Cc1c[nH]c2c1cccc2)C(=O)N1CCC[C@H]1C(=O)N1CCC[C@H]1C(=O)N
PWQP, CC(=O)N1CCC[C@H]1C(=O)N[C@@H](Cc1c[nH]c2c1cccc2)C(=O)N[C@@H](CCC(=O)N)C(=O)N1CCC[C@H]1C(=O)N
PWRP, CC(=O)N1CCC[C@H]1C(=O)N[C@@H](Cc1c[nH]c2c1cccc2)C(=O)N[C@@H](CCCN=C(N)N)C(=O)N1CCC[C@H]1C(=O)N
PWSP, CC(=O)N1CCC[C@H]1C(=O)N[C@@H](Cc1c[nH]c2c1cccc2)C(=O)N[C@@H](CO)C(=O)N1CCC[C@H]1C(=O)N
PWTP, CC(=O)N1CCC[C@H]1C(=O)N[C@@H](Cc1c[nH]c2c1cccc2)C(=O)N[C@@H]([C@H](O)C)C(=O)N1CCC[C@H]1C(=O)N
PWVP, CC(=O)N1CCC[C@H]1C(=O)N[C@@H](Cc1c[nH]c2c1cccc2)C(=O)N[C@@H](C(C)C)C(=O)N1CCC[C@H]1C(=O)N
PWWP, CC(=O)N1CCC[C@H]1C(=O)N[C@@H](Cc1c[nH]c2c1cccc2)C(=O)N[C@@H](Cc1c[nH]c2c1cccc2)C(=O)N1CCC[C@H]1C(=O)N
PWYP, CC(=O)N1CCC[C@H]1C(=O)N[C@@H](Cc1c[nH]c2c1cccc2)C(=O)N[C@@H](Cc1ccc(O)cc1)C(=O)N1CCC[C@H]1C(=O)N
PYAP, CC(=O)N1CCC[C@H]1C(=O)N[C@@H](Cc1ccc(O)cc1)C(=O)N[C@@H](C)C(=O)N1CCC[C@H]1C(=O)N
PYCP, CC(=O)N1CCC[C@H]1C(=O)N[C@@H](Cc1ccc(O)cc1)C(=O)N[C@@H](CS)C(=O)N1CCC[C@H]1C(=O)N
PYDP, CC(=O)N1CCC[C@H]1C(=O)N[C@@H](Cc1ccc(O)cc1)C(=O)N[C@@H](CC(=O)O)C(=O)N1CCC[C@H]1C(=O)N
PYEP, CC(=O)N1CCC[C@H]1C(=O)N[C@@H](Cc1ccc(O)cc1)C(=O)N[C@@H](CCC(=O)O)C(=O)N1CCC[C@H]1C(=O)N
PYFP, CC(=O)N1CCC[C@H]1C(=O)N[C@@H](Cc1ccc(O)cc1)C(=O)N[C@@H](Cc1ccccc1)C(=O)N1CCC[C@H]1C(=O)N
PYGP, CC(=O)N1CCC[C@H]1C(=O)N[C@@H](Cc1ccc(O)cc1)C(=O)NCC(=O)N1CCC[C@H]1C(=O)N
PYHP, CC(=O)N1CCC[C@H]1C(=O)N[C@@H](Cc1ccc(O)cc1)C(=O)N[C@@H](Cc1nc[nH]c1)C(=O)N1CCC[C@H]1C(=O)N
PYIP, CC(=O)N1CCC[C@H]1C(=O)N[C@@H](Cc1ccc(O)cc1)C(=O)N[C@@H]([C@@H](C)CC)C(=O)N1CCC[C@H]1C(=O)N
PYKP, CC(=O)N1CCC[C@H]1C(=O)N[C@@H](Cc1ccc(O)cc1)C(=O)N[C@@H](CCCCN)C(=O)N1CCC[C@H]1C(=O)N
PYLP, CC(=O)N1CCC[C@H]1C(=O)N[C@@H](Cc1ccc(O)cc1)C(=O)N[C@@H](CC(C)C)C(=O)N1CCC[C@H]1C(=O)N
PYMP, CC(=O)N1CCC[C@H]1C(=O)N[C@@H](Cc1ccc(O)cc1)C(=O)N[C@@H](CCSC)C(=O)N1CCC[C@H]1C(=O)N
PYNP, CC(=O)N1CCC[C@H]1C(=O)N[C@@H](Cc1ccc(O)cc1)C(=O)N[C@@H](CC(=O)N)C(=O)N1CCC[C@H]1C(=O)N
PYPP, CC(=O)N1CCC[C@H]1C(=O)N[C@@H](Cc1ccc(O)cc1)C(=O)N1CCC[C@H]1C(=O)N1CCC[C@H]1C(=O)N
PYQP, CC(=O)N1CCC[C@H]1C(=O)N[C@@H](Cc1ccc(O)cc1)C(=O)N[C@@H](CCC(=O)N)C(=O)N1CCC[C@H]1C(=O)N
PYRP, CC(=O)N1CCC[C@H]1C(=O)N[C@@H](Cc1ccc(O)cc1)C(=O)N[C@@H](CCCN=C(N)N)C(=O)N1CCC[C@H]1C(=O)N
PYSP, CC(=O)N1CCC[C@H]1C(=O)N[C@@H](Cc1ccc(O)cc1)C(=O)N[C@@H](CO)C(=O)N1CCC[C@H]1C(=O)N
PYTP, CC(=O)N1CCC[C@H]1C(=O)N[C@@H](Cc1ccc(O)cc1)C(=O)N[C@@H]([C@H](O)C)C(=O)N1CCC[C@H]1C(=O)N
PYVP, CC(=O)N1CCC[C@H]1C(=O)N[C@@H](Cc1ccc(O)cc1)C(=O)N[C@@H](C(C)C)C(=O)N1CCC[C@H]1C(=O)N
PYWP, CC(=O)N1CCC[C@H]1C(=O)N[C@@H](Cc1ccc(O)cc1)C(=O)N[C@@H](Cc1c[nH]c2c1cccc2)C(=O)N1CCC[C@H]1C(=O)N
PYYP, CC(=O)N1CCC[C@H]1C(=O)N[C@@H](Cc1ccc(O)cc1)C(=O)N[C@@H](Cc1ccc(O)cc1)C(=O)N1CCC[C@H]1C(=O)N
